{"info":{"year":2021,"version":"1.0","description":"HyperLabel COCO Export - Pisa","contributor":"Sense + Hyperlabel","url":"https://www.hyperlabel.com","date_created":"2021-04-09T23:35:25.542537Z"},"licenses":{"url":"https://creativecommons.org/licenses/by/2.0/","id":2,"name":"Attribution License"},"images":[{"id":1,"width":145,"height":347,"file_name":"img/01F2WFVXN0ANJQE4ZTHVC0XWQW.jpeg","license":2,"date_captured":"2021-04-09T23:35:25.542537Z"},{"id":2,"width":275,"height":183,"file_name":"img/01F2WFVZA31WXSNM1C04CQHG6E.jpeg","license":2,"date_captured":"2021-04-09T23:35:25.542537Z"},{"id":3,"width":275,"height":183,"file_name":"img/01F2WFVY41P9TZEW4MEVJCAYAA.jpeg","license":2,"date_captured":"2021-04-09T23:35:25.542537Z"},{"id":4,"width":200,"height":253,"file_name":"img/01F2WFVZRS4R7MVFP042G86NZZ.jpeg","license":2,"date_captured":"2021-04-09T23:35:25.542537Z"},{"id":5,"width":183,"height":275,"file_name":"img/01F2WFVYKT44EVPVSX205DBKQB.jpeg","license":2,"date_captured":"2021-04-09T23:35:25.542537Z"},{"id":6,"width":189,"height":266,"file_name":"img/01F2WGEWR2ZYAWDN2PXREZTMEK.jpeg","license":2,"date_captured":"2021-04-09T23:35:25.542537Z"},{"id":7,"width":183,"height":275,"file_name":"img/01F2WGFD6H7NHYCKG2PEC1MQYM.jpeg","license":2,"date_captured":"2021-04-09T23:35:25.542537Z"},{"id":8,"width":172,"height":293,"file_name":"img/01F2WGF97M6HNTPQ6MF9GAXRM5.jpeg","license":2,"date_captured":"2021-04-09T23:35:25.542537Z"},{"id":9,"width":275,"height":183,"file_name":"img/01F2WGEPYZ239HR02MTFPDZ370.jpeg","license":2,"date_captured":"2021-04-09T23:35:25.542537Z"},{"id":10,"width":317,"height":159,"file_name":"img/01F2WGEZ51KHB61P92QCMZ4EFY.jpeg","license":2,"date_captured":"2021-04-09T23:35:25.542537Z"},{"id":11,"width":185,"height":273,"file_name":"img/01F2WGFBRFR4J4TZGHP41YSGJC.jpeg","license":2,"date_captured":"2021-04-09T23:35:25.542537Z"},{"id":12,"width":182,"height":276,"file_name":"img/01F2WGFKVDPKRGJFMGSB0ZGWVJ.jpeg","license":2,"date_captured":"2021-04-09T23:35:25.542537Z"},{"id":13,"width":182,"height":276,"file_name":"img/01F2WGEYJAE46MQV493H05C0FT.jpeg","license":2,"date_captured":"2021-04-09T23:35:25.542537Z"},{"id":14,"width":183,"height":275,"file_name":"img/01F2WGF4RW2QRKWWSXRC6WYDXW.jpeg","license":2,"date_captured":"2021-04-09T23:35:25.542537Z"},{"id":15,"width":225,"height":225,"file_name":"img/01F2WGF8TAAZDACXCEHKNJ2JDD.jpeg","license":2,"date_captured":"2021-04-09T23:35:25.542537Z"},{"id":16,"width":284,"height":177,"file_name":"img/01F2WGEPGHZYJ31FFGYX65X7CP.jpeg","license":2,"date_captured":"2021-04-09T23:35:25.542537Z"},{"id":17,"width":274,"height":184,"file_name":"img/01F2WGEQTNKG2WB39TKWS0NBXB.jpeg","license":2,"date_captured":"2021-04-09T23:35:25.542537Z"},{"id":18,"width":275,"height":183,"file_name":"img/01F2WGER96Q5XFECKQH6GVPX60.jpeg","license":2,"date_captured":"2021-04-09T23:35:25.542537Z"},{"id":19,"width":177,"height":285,"file_name":"img/01F2WGEZQ4YCK4M8CASRKN1625.jpeg","license":2,"date_captured":"2021-04-09T23:35:25.542537Z"},{"id":20,"width":280,"height":180,"file_name":"img/01F2WGESCAE67V6JMGQ2JVTZN5.jpeg","license":2,"date_captured":"2021-04-09T23:35:25.542537Z"},{"id":21,"width":225,"height":225,"file_name":"img/01F2WGET0A9849P9CCMMVF6A9Y.jpeg","license":2,"date_captured":"2021-04-09T23:35:25.542537Z"},{"id":22,"width":210,"height":240,"file_name":"img/01F2WGETE4XB3RJ3G4WTTHX8FF.jpeg","license":2,"date_captured":"2021-04-09T23:35:25.542537Z"},{"id":23,"width":272,"height":185,"file_name":"img/01F2WGEX67AFQQC8F6WAD5QZ5Z.jpeg","license":2,"date_captured":"2021-04-09T23:35:25.542537Z"},{"id":24,"width":300,"height":168,"file_name":"img/01F2WGEXNPB8MPB6K4Q8PCV3B9.jpeg","license":2,"date_captured":"2021-04-09T23:35:25.542537Z"},{"id":25,"width":275,"height":183,"file_name":"img/01F2WGEY4T1JGBKSDW8576V6W1.jpeg","license":2,"date_captured":"2021-04-09T23:35:25.542537Z"},{"id":26,"width":225,"height":225,"file_name":"img/01F2WGF303H6DD8R2QZV3DAMGM.jpeg","license":2,"date_captured":"2021-04-09T23:35:25.542537Z"},{"id":27,"width":275,"height":183,"file_name":"img/01F2WGF04MRSPZQ6GPF3YH9P1Q.jpeg","license":2,"date_captured":"2021-04-09T23:35:25.542537Z"},{"id":28,"width":183,"height":275,"file_name":"img/01F2WGF0KYJJGWJNJ70XEPAQHS.jpeg","license":2,"date_captured":"2021-04-09T23:35:25.542537Z"},{"id":29,"width":190,"height":265,"file_name":"img/01F2WGF11HGEW3SBJHP82DXVBZ.jpeg","license":2,"date_captured":"2021-04-09T23:35:25.542537Z"},{"id":30,"width":180,"height":281,"file_name":"img/01F2WGF3F71ZWPD0Q13760R3XF.jpeg","license":2,"date_captured":"2021-04-09T23:35:25.542537Z"},{"id":31,"width":299,"height":168,"file_name":"img/01F2WGF4AZM9AG0XKVN0HRVCHK.jpeg","license":2,"date_captured":"2021-04-09T23:35:25.542537Z"},{"id":32,"width":194,"height":259,"file_name":"img/01F2WGF6M566KQFAG9X3P1X8JR.jpeg","license":2,"date_captured":"2021-04-09T23:35:25.542537Z"},{"id":33,"width":165,"height":306,"file_name":"img/01F2WGF8CMGZ3XGFM4A0R622V3.jpeg","license":2,"date_captured":"2021-04-09T23:35:25.542537Z"},{"id":34,"width":275,"height":183,"file_name":"img/01F2WGF7GG052ZJ2QP8H12TC0P.jpeg","license":2,"date_captured":"2021-04-09T23:35:25.542537Z"},{"id":35,"width":194,"height":259,"file_name":"img/01F2WGF9MBCQXRAGGPXT9HG8J3.jpeg","license":2,"date_captured":"2021-04-09T23:35:25.542537Z"},{"id":36,"width":275,"height":183,"file_name":"img/01F2WGFA2WFJK1MTZG06JN0RVE.jpeg","license":2,"date_captured":"2021-04-09T23:35:25.542537Z"},{"id":37,"width":259,"height":194,"file_name":"img/01F2WGFAFEGTBYWQSD8BNZ4VAE.jpeg","license":2,"date_captured":"2021-04-09T23:35:25.542537Z"},{"id":38,"width":263,"height":191,"file_name":"img/01F2WGFS79ZXVCY53WBWSTMTTE.jpeg","license":2,"date_captured":"2021-04-09T23:35:25.542537Z"},{"id":39,"width":185,"height":273,"file_name":"img/01F2WGFAWEWA7YPCVSSRQM4R7M.jpeg","license":2,"date_captured":"2021-04-09T23:35:25.542537Z"},{"id":40,"width":183,"height":275,"file_name":"img/01F2WGFM8YTDRQPE8JMBRZ5RCN.jpeg","license":2,"date_captured":"2021-04-09T23:35:25.542537Z"},{"id":41,"width":259,"height":194,"file_name":"img/01F2WGFBA0G89FTT650GMVWCYB.jpeg","license":2,"date_captured":"2021-04-09T23:35:25.542537Z"},{"id":42,"width":225,"height":224,"file_name":"img/01F2WGFC8DRAX3N4R3C4B0TXZR.jpeg","license":2,"date_captured":"2021-04-09T23:35:25.542537Z"},{"id":43,"width":183,"height":275,"file_name":"img/01F2WGFV0PZFSB4QBA0C31WPWB.jpeg","license":2,"date_captured":"2021-04-09T23:35:25.542537Z"},{"id":44,"width":263,"height":192,"file_name":"img/01F2WGFE27YQ3NZHBE3AAR1268.jpeg","license":2,"date_captured":"2021-04-09T23:35:25.542537Z"},{"id":45,"width":189,"height":267,"file_name":"img/01F2WGFPYTMBY74KJFW6NY4689.jpeg","license":2,"date_captured":"2021-04-09T23:35:25.542537Z"},{"id":46,"width":300,"height":168,"file_name":"img/01F2WGFWSMHA4F83D340FND0R2.jpeg","license":2,"date_captured":"2021-04-09T23:35:25.542537Z"}],"annotations":[{"id":1,"image_id":1,"category_id":1,"iscrowd":0,"area":0,"bbox":[14,15.999999999999998,113.86484192182249,319.5672052879567],"segmentation":[[29.158931194089035,335.5669642857143,27.102024139844616,328.4017857142857,23.44416367242961,295.4419642857143,23.615085799246767,271.0803571428571,14,118.92341678230538,14,76.64757699572434,18.26856192647606,58.99107142857143,20.375,35.79032136145669,24.303633905852415,27.46428571428572,49.696237263922285,15.999999999999998,78.28125,22.951335650429698,83.59375,29.377269613528274,87.3125,49.78537475250464,94.21875,59.46572908165035,97.9375,72.02944933365603,119.23108288099127,248.15178571428572,125.7345020327793,282.5446428571429,127.86484192182249,318.3705357142857,124.68311321299487,329.83482142857144,119.71875,333.9131408623229,75.625,335.5672052879567,29.158931194089035,335.5669642857143]]},{"id":2,"image_id":2,"category_id":1,"iscrowd":0,"area":0,"bbox":[112.86331156259384,16.137926027629902,80.05724610843535,165.11436867370085],"segmentation":[[118.08208040222374,181.24553571428572,114.71086704968744,135.22321428571428,115.2741088884817,120.13392857142857,112.86331156259384,65.05803571428572,113.96428571428571,57.13588341083536,119.98860218820444,43.93303571428571,119.52116632036088,34.125,120.63392857142857,27.76104249988559,125.82142857142857,21.30275018023124,138.04910714285714,16.137926027629902,158.7991071428571,16.84042100857831,166.58035714285714,20.757989459469492,170.31418948377922,25.825892857142854,172.35147808118055,40.16071428571429,180.58036512982272,58.26785714285714,186.38653944451625,102.02678571428572,186.71786289340042,114.85267857142857,189.3220084089496,126.16964285714283,189.918691769328,141.25892857142856,192.23001309700024,153.33035714285714,192.92055767102917,178.22767857142856,189.18303571428572,181.25229470133075,118.08208040222374,181.24553571428572]]},{"id":3,"image_id":3,"category_id":1,"iscrowd":0,"area":0,"bbox":[170.7774285799637,7,98.92017881196675,165.26036391515012],"segmentation":[[200.46875,167.4369598534595,191.49665337075365,160.40178571428572,170.7774285799637,34.41964285714286,172.61733189071188,19.598214285714285,176.76905209390995,9.223214285714285,179.10689047400385,7,201.30925697349807,7,214.58035714285714,19.4366218084758,238.99279667238528,81.84821428571429,250.06785103827838,115.9375,266.8719104806937,156.69642857142858,269.69760739193043,169.29464285714286,268.59375,172.26036391515012,200.46875,167.4369598534595]]},{"id":4,"image_id":4,"category_id":1,"iscrowd":0,"area":0,"bbox":[91,80.75133730284291,40.81696428571428,145.59283077326916],"segmentation":[[91,226.33482142857144,91,150.94756603848364,91.54425920235556,142.52232142857144,94.15498896177505,113.25446428571428,95.57589285714286,107.16936675977165,99.29946268732286,99.95089285714286,100.51785714285715,87.55506428242788,102.89732142857142,84.60543478570841,114.0625,80.75133730284291,125.95982142857143,83.11973561156779,131.81696428571428,88.02090031835152,131.69391120762407,155.82589285714286,128.77104110719537,194.40625,129.4405321497785,207.70982142857144,128.294855066864,215.6919642857143,127.97321428571429,226.34416807611206,91,226.33482142857144]]},{"id":5,"image_id":5,"category_id":1,"iscrowd":0,"area":0,"bbox":[30.33820829733763,40.04434558497246,81.43502461358648,211.0921884811549],"segmentation":[[36.344103632284224,248.20089285714286,30.33820829733763,236.68303571428572,31.205357142857146,226.1891639360023,38.4375,196.90398831009432,51.705268520034124,74.47321428571428,57.7232142857143,60.56322509271477,60.68521280050028,45.67857142857143,65.75892857142857,41.73675235489608,85.44642857142858,40.04434558497246,103.52678571428571,47.30225966944923,105.88686783863696,53.357142857142854,106.03447226669003,64.875,110.68111282682823,77.35267857142857,111.77323291092411,85.03125,105.86324160493523,178.13392857142858,105.4794285621289,197.33035714285714,107.77313651081268,212.6875,103.92857142857142,234.3804345124733,101.41158797689836,242.44196428571428,95.89285714285714,248.39451702559307,60.93750000000001,251.13653406612735,36.344103632284224,248.20089285714286]]},{"id":6,"image_id":6,"category_id":1,"iscrowd":0,"area":0,"bbox":[46.32225608077274,42.82482973292677,86.84692718451286,220.17016426557464],"segmentation":[[46.32225608077274,262.99107142857144,48.94612616201276,222.63392857142856,53.62686638206566,185.30357142857144,59.74236156204727,95.50892857142857,62.08482142857143,86.40693862863009,68.70765145312032,75.33035714285714,69.42108866530134,58.17857142857143,71.22321428571428,53.3951419138713,80.36160714285714,45.972629847240285,99.83035714285715,42.82482973292677,118.90178571428572,49.49447505464173,126.32335308150847,58.17857142857143,127.21334047483609,78.35714285714286,133.1691832652856,95.50892857142857,131.87293352232115,139.90178571428572,132.43693112857605,177.23214285714286,129.23214285714286,262.9949939985014,46.32225608077274,262.99107142857144]]},{"id":7,"image_id":7,"category_id":1,"iscrowd":0,"area":0,"bbox":[12.574642004060346,38.87467362828535,150.74678656736825,234.13557212107455],"segmentation":[[12.574642004060346,272.94642857142856,26.25,226.59957668965856,27.550858681332286,212.89285714285714,36.84612941232426,191.82142857142858,38.582396057321304,170.74999999999997,44.07141940867672,157.05357142857144,63.84106919261899,67.5,77.40840666387312,45.375,89.35714285714285,38.87467362828535,102.92857142857142,40.61953294017508,123.28294237754346,63.285714285714285,147.98476161160298,173.91071428571428,149.6800512648818,196.03571428571428,157.43666855294077,213.94642857142858,163.32142857142858,273.0102457493599,12.574642004060346,272.94642857142856]]},{"id":8,"image_id":8,"category_id":1,"iscrowd":0,"area":0,"bbox":[13.291106418786098,28.421884634242975,93.32734097954221,254.43746146706704],"segmentation":[[13.696428571428573,281.52514872001615,13.291106418786098,273.59375,23.020575414317385,212.3125,40.26718593396831,67.78125,51.441964285714285,37.34677935525799,64.58928571428572,28.421884634242975,87.49107142857143,28.8793617977158,97.63238314426705,38.875,105.57148579598477,67.78125,106.61844739832833,81.65625,106.43742033022347,278.21875,104.87946428571428,282.85934610131,13.696428571428573,281.52514872001615]]},{"id":9,"image_id":9,"category_id":1,"iscrowd":0,"area":0,"bbox":[180.68874550549398,6.4877832700111675,65.09094561509566,149.8336722051416],"segmentation":[[189.67554190292415,156.31696428571428,189.36223069053116,128.99553571428572,180.68874550549398,40.200892857142854,183.0303834468875,26.540178571428573,182.6805449487965,17.660714285714285,185.71428571428572,11.334105085429481,188.92857142857142,8.058655826846731,197.14285714285714,6.4877832700111675,210.35714285714286,7.599979016949062,213.07835559237253,10.147321428571429,222.78949503467902,29.27232142857143,238.13540760316891,117.38392857142856,245.77969112058963,150.85267857142858,244.64285714285714,156.32145547515276,189.67554190292415,156.31696428571428]]},{"id":10,"image_id":10,"category_id":1,"iscrowd":0,"area":0,"bbox":[177,40.75493056136413,33.848214285714285,100.83875452765541],"segmentation":[[177,141.56093206363465,177.4216628180716,124.82142857142857,179.89784210608647,88.60714285714286,179.91468009785447,58.89285714285714,181.40178571428572,51.99522352673773,187.45415357986832,50.51432768378211,192.29434156042478,47.05041281191411,193.9857510653478,40.75493056136413,206.79448558655156,41.714285714285715,206.17168797942463,45.42857142857144,206.20464416952916,54.714285714285715,210.84821428571428,64.17415837360244,210.84821428571428,141.59368508901952,177,141.56093206363465]]},{"id":11,"image_id":11,"category_id":1,"iscrowd":0,"area":0,"bbox":[55.74243811912897,18.042203263843877,70.95375202138578,210.99441209102582],"segmentation":[[55.74243811912897,229.03571428571428,57.78546127739219,217.46428571428572,57.7831473809758,205.89285714285714,62.87245473429169,154.78571428571428,68.90841278731298,60.285714285714285,70.50892857142857,53.573943521844804,75.68677931373875,44.85714285714285,77.22826820162935,25.57142857142857,85.04464285714286,19.894978702071896,99.91071428571428,18.042203263843877,118.74107142857143,22.86263725529441,123.34233330819578,29.428571428571427,122.76799105796637,44.85714285714285,126.69619014051476,56.42857142857143,126.62586915567154,123.92857142857142,124.82903518264875,135.5,122.34033121608367,194.32142857142858,123.42075948686315,210.71428571428572,126.66964285714286,223.5712454734101,125.67857142857143,229.0366153548697,55.74243811912897,229.03571428571428]]},{"id":12,"image_id":12,"category_id":1,"iscrowd":0,"area":0,"bbox":[70.29285225864541,7.944875041409266,96.26964774135459,254.9178656743083],"segmentation":[[88.49987583809288,262.85267857142856,70.60923622269085,259.4107142857143,70.29285225864541,244.49553571428572,77.96550705624426,206.63392857142858,95.0557627078744,52.892857142857146,102.62499517312973,34.535714285714285,104.23208677005164,16.17857142857143,106.1875,12.167826382798387,118.875,7.944875041409266,152.125,9.153696893065629,159.5625,13.23469365974854,162.44649602498106,20.767857142857142,159.84733738733388,43.714285714285715,166.5625,55.517117472610096,166.5625,114.25656219326343,161.90484611647005,151.5625,155.76081111861106,230.72767857142858,158.1005607551325,258.2633928571429,156.9375,262.86274071571756,88.49987583809288,262.85267857142856]]},{"id":13,"image_id":13,"category_id":1,"iscrowd":0,"area":0,"bbox":[59.242808169750624,95.34176021264398,29.61879897310652,81.28817072862306],"segmentation":[[59.397615545798104,176.62946428571428,59.242808169750624,169.21875,60.90624999999999,164.7887653497346,62.27860697884122,155.50892857142858,64.47145260609602,112.89732142857143,65.33482142857143,108.09557254300947,67.0900892116309,104.375,68.33431721907725,96.96428571428571,73.77678571428571,95.34176021264398,80.00446428571429,95.4793209461743,84.26593150369825,96.96428571428571,87.00419767523702,101.41071428571429,88.86160714285714,110.32890553702828,88.68021802989539,139.20535714285714,87.47363081631497,143.28125,88.86160714285714,146.43908638692278,88.54311949478178,154.02678571428572,88.84546810208154,164.40178571428572,88.04553959862015,170.70089285714286,88.03125,176.62993094126705,59.397615545798104,176.62946428571428]]},{"id":14,"image_id":14,"category_id":1,"iscrowd":0,"area":0,"bbox":[68.3004075765506,19,89.88248101389158,194.14216390067622],"segmentation":[[83.00396689238123,213.12946428571428,68.3004075765506,61.65625,72.64285714285714,27.658659732549737,81.64421709241273,19,103.09051522965296,19,118.8981363865909,46.857142857142854,138.760472364149,132.16964285714286,150.0492248792508,167.86160714285714,158.1828885904422,202.68303571428572,157.75446428571428,213.14216390067622,83.00396689238123,213.12946428571428]]},{"id":15,"image_id":15,"category_id":1,"iscrowd":0,"area":0,"bbox":[2.9642857142857144,4.198903978163074,16.15408327880214,42.609907420581266],"segmentation":[[3.0594257439416186,46.424107142857146,2.9642857142857144,34.14746251657855,4.722621095299494,30.491071428571434,5.458728342427424,19.549107142857142,6.393685547254719,12.638392857142858,8.049596648186164,7.8392857142857135,8.337414338575982,5.535714285714286,9.151785714285715,4.198903978163074,15.4375,4.648106085757516,17.205357142857142,5.923165039117637,17.571281748598988,7.071428571428572,17.500067397626758,9.375,18.052762527702175,11.870535714285714,18.1875,14.717971689858556,18.63605083545529,16.285714285714285,17.769184632699684,21.43053252202892,17.969593827545367,24.268951049623645,17.82708728929432,23.414096056107326,17.887390056006865,23.037659909839608,17.530673689732133,22.626429665590177,17.924891776599253,23.535875399043334,17.792285692584585,23.936007525833077,17.725682636812515,23.52387743422205,17.656079443393054,22.221198403751384,19.064108287155936,25.116071428571427,19.118368993087852,27.995535714285715,18.580357142857142,29.59897535599102,18.26360692454478,33.5625,18.272542988695744,38.169642857142854,18.99971906063904,42.96875,17.691940313111544,45.27232142857143,18.500687683231387,46.04017857142857,17.598214285714285,46.80881139874434,3.0594257439416186,46.424107142857146]]},{"id":16,"image_id":15,"category_id":1,"iscrowd":0,"area":0,"bbox":[56,19.584846028484534,30.861607142857142,66.12074084741363],"segmentation":[[58.33948346700354,85.70089285714286,56,84.10688926949864,56.44560531161833,77.02678571428572,58.867378220742886,69.25,67.80029106063127,28.57142857142857,70.00097439785905,24.982142857142858,71.08520965550417,21.392857142857142,72.46875,20.188763651390023,78.41964285714286,19.584846028484534,82.98660714285714,20.56752503027266,85.75446428571429,21.9073198664503,86.86160714285714,25.62935802111463,86.86160714285714,43.833742498271576,84.92410714285714,49.83898338463398,83.98810543465005,56.38839285714286,81.87946428571429,56.27540558554856,80.61867894934299,60.276785714285715,80.44010545723518,70.14732142857142,81.87946428571429,76.53105416675301,81.64967238583431,78.91894889370202,81.46660395421213,80.26822964818716,81.04911862843964,82.37752710557088,80.77232142857143,83.45072612663076,79.52678571428571,85.70558687589816,58.33948346700354,85.70089285714286]]},{"id":17,"image_id":15,"category_id":1,"iscrowd":0,"area":0,"bbox":[167.73356974927867,36.4627800604575,50.03875167929278,138.91476190418277],"segmentation":[[167.73356974927867,175.375,168.28661823556436,167.875,171.95258302959468,149.75,174.08107952763245,129.75,177.81741297139075,66,182.34229273155523,51.625,184.46327204632763,41,189.99553571428572,36.4627800604575,207.52678571428572,37.21710452112343,213.21875,39.55210271306475,215.45631645604158,43.5,215.89218814358725,56,217.77232142857144,59.99144735908678,217.77232142857144,115.03637018845764,216.4528291730927,137.25,216.7957831586924,157.25,215.26689480664183,165.375,215.49553571428572,175.37754196464027,167.73356974927867,175.375]]},{"id":18,"image_id":15,"category_id":1,"iscrowd":0,"area":0,"bbox":[10.887512465545946,78.28903914503735,21.99195182016834,58.6662429430956],"segmentation":[[10.887512465545946,136.73660714285714,11.18488962166987,130.41517857142856,12.22936579422226,125.9375,12.66672013593579,118.5625,16.180635695415788,89.0625,18.111432721685482,84.58482142857143,18.801956001905854,80.10714285714286,20.102678571428573,78.89571980434884,26.008928571428573,78.28903914503735,30.950892857142854,79.48338574238217,32.67622331636723,82.21428571428571,32.879464285714285,116.19368686444686,31.3125,116.04038297212418,29.72735250983548,115.20008401210013,25.98735891358775,117.13951061950105,20.416265791017874,121.57702574622347,20.843717530602444,128.85384804505716,20.85961103951067,136.95528208813295,10.887512465545946,136.73660714285714]]},{"id":19,"image_id":15,"category_id":1,"iscrowd":0,"area":0,"bbox":[54.57957244923766,113.71148509847244,24.30882040790521,68.9988249503577],"segmentation":[[54.57957244923766,182.6875,54.732004906632135,172.375,55.399633345441806,168.625,55.30566912395178,164.875,55.80236107715435,162.375,55.70918367346939,157.375,56.67857142857143,153.09852163429514,57.19681980948183,133.3125,58.249385445824124,127.0625,57.85541278769421,125.50000000000001,59.6024152393477,126.25971464612101,58.66864498897841,121.75,59.53470562353714,122.84788531731449,61.394873432441415,122.50079445486016,60.105928564193384,122.66941661144259,59.87968390197844,119.25,61.29146238283985,119.35605277553094,58.098030684429766,120.24470384890695,60.679613672697286,115.15280704758213,73.53125,113.71148509847244,78.44196428571428,114.32789403163265,78.7983974284092,115.1875,78.88839285714286,182.71031004883014,54.57957244923766,182.6875]]},{"id":20,"image_id":15,"category_id":1,"iscrowd":0,"area":0,"bbox":[3.150833051489514,155.19509834138722,21.53260505682188,54.56104508387796],"segmentation":[[3.150833051489514,209.50892857142858,3.208471835359954,202.87946428571428,4.153748837692257,199.6875,7.423005430851268,171.94196428571428,8.696428571428571,164.80058965056455,11.598214285714286,156.77702812526846,14.611607142857142,155.19509834138722,18.294642857142858,155.58443086095087,22.535714285714285,157.4819891031617,23.867108223239114,159.91071428571428,23.897052114383754,163.83928571428572,24.683438108311393,168.99553571428572,23.17282444155877,187.90178571428572,23.46613170033072,192.6479273233656,22.11530735040313,200.5745317820303,22.907633961630893,197.04094468938132,22.522392032524888,202.87946428571428,22.089285714285715,209.75614342526518,3.150833051489514,209.50892857142858]]},{"id":21,"image_id":16,"category_id":1,"iscrowd":0,"area":0,"bbox":[22.66078313712116,9,79.97418835422603,159.2895436794034],"segmentation":[[22.66078313712116,168.28571428571428,28.201210447177562,142.57142857142858,29.992843473613526,127.57142857142858,34.858054673064075,116.14285714285714,36.52547415761133,104.71428571428571,45.62292350505855,78.28571428571429,47.013380124475795,69,58.88260451869555,28.999999999999996,72.76339285714286,9.743386173280179,86.62077098215454,9,95.73660714285714,12.855160798984315,100.50873079741349,20.428571428571427,102.6349714913472,35.42857142857143,100.58457644834525,76.14285714285714,97.17895964452921,101.85714285714286,94.61550226552896,136.85714285714286,92.28084380613733,147.57142857142858,91.6728189132678,159.71428571428572,89.06696428571429,168.2895436794034,22.66078313712116,168.28571428571428]]},{"id":22,"image_id":17,"category_id":1,"iscrowd":0,"area":0,"bbox":[189.58299724589338,8.124505355886072,62.98843132553519,148.21073451769988],"segmentation":[[202.12409118465294,156.32589285714286,202.8294594940533,142.84375,200.82394205148648,134.08035714285714,200.61957747542382,115.20535714285714,193.92545533752,63.29910714285714,190.14332940236548,50.49107142857142,189.58299724589338,44.42410714285714,190.1977149184213,36.33482142857143,196.10714285714286,15.483751755304302,200.06037570685902,11.392857142857142,210.375,8.124505355886072,223.73214285714286,9.262619718264816,228.01243358878256,13.41517857142857,231.90876952629807,24.875,239.21428571428572,33.493366031389534,240.85926369493433,41.72767857142857,239.16807947311793,55.20982142857143,244.26377277846512,96.33035714285715,250.24267891142657,125.99107142857142,252.57142857142856,156.33523987358595,202.12409118465294,156.32589285714286]]},{"id":23,"image_id":18,"category_id":1,"iscrowd":0,"area":0,"bbox":[135.0993814554859,8.246618695318913,138.2711542587998,173.01898276325826],"segmentation":[[144.46713574353694,181.21875,137.94438381174976,155.4375,139.89577132524843,139.8125,137.0842974294821,121.0625,135.0993814554859,57.78125000000001,141.71775950361777,28.875,147.47767857142858,19.356792718635553,156.91964285714283,12.16778681055074,171.39732142857142,8.246618695318913,187.15035199825616,14.812500000000002,207.2882208665813,32,222.04002056920763,64.03125,230.47017033113093,76.53125,234.86742678759288,89.03125,242.12963651823083,99.1875,248.19196428571428,117.69501098313323,258.8915727375699,133.5625,264.91276938060696,153.09375,273.096063560692,165.59375,273.3705357142857,181.26560145857718,144.46713574353694,181.21875]]},{"id":24,"image_id":19,"category_id":1,"iscrowd":0,"area":0,"bbox":[11,35,140.98604907353484,228.98233043015173],"segmentation":[[11,263.9732142857143,11.387932948405874,242.41071428571428,16.07142857142857,221.2667604447154,17.45152945177349,193.12500000000003,21.776785714285715,178.14855383028848,29.781485494253563,109.95535714285714,36.99107142857143,89.0384782930816,47.10195353364202,76.07142857142857,48.99798688320395,55.535714285714285,53.21542132680326,47.32142857142857,72.49107142857143,37.07310639532799,104.85647292289978,35,128.91071428571428,42.95290069623858,137.59100149528018,55.535714285714285,139.73771866958614,63.75,138.91740444205266,81.20535714285714,146.94173811253114,97.63392857142857,151.98604907353484,123.30357142857143,148.30673257862188,238.30357142857142,149.99447631034025,255.75892857142858,147.29464285714286,263.9823304301517,11,263.9732142857143]]},{"id":25,"image_id":20,"category_id":1,"iscrowd":0,"area":0,"bbox":[59,4.621081993990053,65.70535714285714,154.37078077368312],"segmentation":[[88.61128602567206,156.8284117119471,85.86267861467668,143.59609760404712,76.41147977718575,142.32342444215425,68.72321428571429,158.99186276767318,61.11456895541926,158.58928571428572,59,140.24352051709272,59,118.77630752216493,61.801585842712306,90.875,71.96428571428571,34.59015710651393,78.74107142857143,22.076763452656007,81.46255323162983,10.464285714285714,94.94642857142857,4.657997512936548,103.19642857142857,4.621081993990053,111.71328988669964,7.642857142857142,119.07084023459075,16.107142857142858,119.58838601548752,27.392857142857146,123.75759237199325,45.0267857142857,124.70535714285714,74.70538606678588,123.52678571428571,82.16003442704752,120.80407178072544,88.05357142857142,119.25589623725392,116.97321428571428,114.66462660344608,131.08035714285714,116.82974085735043,139.80640817162978,115.13611043836282,140.71514911085808,112.76241220634536,143.92516206885162,113.05013320416568,155.20270250172092,88.61128602567206,156.8284117119471]]},{"id":26,"image_id":21,"category_id":1,"iscrowd":0,"area":0,"bbox":[170,22.599285570988222,52.763392857142854,165.64819347661236],"segmentation":[[180.13811905598828,188.24553571428572,174.95762940947748,187.49107142857144,170.38094822613365,182.20982142857144,170,166.72775977220869,171.16333091175437,152.03125,172.32112937705264,90.16517857142857,175.1609504022994,53.95089285714286,179.02014067382822,41.87946428571429,180.41071428571428,31.10017822478564,185.37946428571428,25.520465763387833,203.59821428571428,22.599285570988222,212.35267857142858,24.671427183281125,217.15173306556665,29.80803571428571,218.42713935642843,41.125,222.76339285714286,51.655136570553296,222.76339285714286,91.63841730639474,221.93890999931637,99.21875,222.71573720818776,106.00892857142857,222.5909728306614,124.11607142857144,221.64269912265578,136.1875,221.69275630327746,149.01339285714286,222.76339285714286,159.64173757523034,221.94594093242733,185.22767857142856,220.87053571428572,188.2474790476006,180.13811905598828,188.24553571428572]]},{"id":27,"image_id":22,"category_id":1,"iscrowd":0,"area":0,"bbox":[51.80532384129539,9.316340938408466,85.11027439442658,220.6905062834279],"segmentation":[[51.80532384129539,228.99107142857144,52.49886119891791,197.85267857142856,60.1052246875725,181.78125,64.27458949927666,137.58482142857144,67.10714285714286,123.80801599929003,69.80144567396388,91.37946428571428,73.71843951757295,66.26785714285714,74.77659142658007,47.18303571428571,82.35018807375647,30.107142857142858,85.17857142857143,13.800966775550993,94.21428571428572,9.316340938408466,119.35714285714286,9.339084251678866,128.78571428571428,14.536959291517377,132.52887535901328,22.07142857142857,133.10714285714286,34.898710733700256,136.56140718856977,50.19642857142857,136.91559823572197,58.23214285714286,132.96350133718414,128.54464285714283,128.63480495832692,176.75892857142856,128.26562273461542,201.87053571428572,126.28825253306408,225.97767857142856,123.67857142857144,230.00684722183638,51.80532384129539,228.99107142857144]]},{"id":28,"image_id":23,"category_id":1,"iscrowd":0,"area":0,"bbox":[0,12.881917843857941,111.83920672436395,170.36232889217177],"segmentation":[[0,183.23214285714286,0,168.1764841893439,2.522321428571429,160.10622026891843,52.423005859137184,41.94642857142857,69.61607142857143,19.992786397176616,83.74107142857143,12.881917843857941,96.35267857142857,17.837784028807434,106.18487843127929,27.357142857142858,108.89290890156808,33.5,111.83920672436395,55.76785714285713,91.68255208558142,170.94642857142858,86.76785714285715,183.2442467360297,0,183.23214285714286]]},{"id":29,"image_id":24,"category_id":1,"iscrowd":0,"area":0,"bbox":[42.629227730246285,0,102.6749412708241,166.266875976377],"segmentation":[[42.629227730246285,166.25446428571428,47.00842644895791,145.37946428571428,51.464285714285715,136.15411196794489,62.83220269867095,90.20982142857142,67.22767857142857,80.26323686260696,68.60320787764702,67.84375,73.3134180042685,57.40625,80.125,26.326489411045774,84.42410714285714,17.716650547658364,91.11160714285714,10.423677506358883,94.02087076864356,0,134.47422393107811,0,139.67046051707968,8.946428571428571,139.3243525772175,20.875,144.2744291447816,30.566964285714285,145.3041690010704,38.767857142857146,141.51362387665574,69.33482142857143,139.845370214391,102.88392857142858,137.18208319166433,117.79464285714286,137.2620618526288,129.72321428571428,134.11892876901237,145.37946428571428,133.75679631999702,160.29017857142858,131.23660714285714,166.266875976377,42.629227730246285,166.25446428571428]]},{"id":30,"image_id":25,"category_id":1,"iscrowd":0,"area":0,"bbox":[207.20202381674497,4.674174419840795,51.55690475468357,125.75591216790627],"segmentation":[[218.8817388789504,130.42410714285714,214.64285714285714,125.85541652802004,213.44183571256423,121.20982142857143,213.03067446490792,107.38839285714288,207.20202381674497,39.433035714285715,209.3846950857143,13.517857142857142,213.91964285714286,7.85126500334567,225.49107142857142,4.674174419840795,235.375,4.8213363876986755,239.23214285714283,6.943034923843394,241.80004565069007,16.39732142857143,246.7954778704671,24.459821428571427,248.43637367045142,31.946428571428573,258.75892857142856,130.43008658774707,218.8817388789504,130.42410714285714]]},{"id":31,"image_id":26,"category_id":1,"iscrowd":0,"area":0,"bbox":[67.37468216668489,12,73.42116983686377,199.14619751999146],"segmentation":[[67.37468216668489,211.10714285714286,71.61246172115803,175.39285714285714,75.8119754248591,161.10714285714286,80.13217693000965,120.03571428571428,82.47522971377087,110.21428571428571,92.36245806148432,37,105.2669751606646,14.678571428571427,121.03149951316182,12,132.00892857142856,17.3057139146004,138.13107137105442,26.285714285714285,137.01683036212884,30.749999999999996,140.79585200354865,40.57142857142857,134.87766592210193,113.78571428571428,131.66205464381665,182.53571428571428,128.12946428571428,211.14619751999146,67.37468216668489,211.10714285714286]]},{"id":32,"image_id":27,"category_id":1,"iscrowd":0,"area":0,"bbox":[65,9.002323650081859,63.44022548782243,154.3016954705054],"segmentation":[[65,163.30357142857144,70.6175363042011,132.66071428571428,72.99200585436071,101.32142857142857,77.40388000683444,78.33928571428572,82.37145498288704,41.42857142857142,91,12.7504744398054,99.85714285714286,9.002323650081859,115.85714285714286,10.518506776761614,122.71428571428572,14.820387210589862,124.93624530511563,19.142857142857142,124.27042864623594,28.196428571428573,127.67242995360195,35.85714285714286,128.44022548782243,41.42857142857142,124.78229397416936,123.60714285714286,122.16238710199829,137.5357142857143,125.03579149689352,146.5892857142857,125.28571428571428,163.30401912058724,65,163.30357142857144]]},{"id":33,"image_id":28,"category_id":1,"iscrowd":0,"area":0,"bbox":[52.06384554761588,38.3656674890959,70.15668890017787,203.7148204237198],"segmentation":[[52.06384554761588,240.24107142857147,53.11588055983607,220.00892857142856,57.03211058568617,193.3392857142857,65.9380275158723,74.70535714285714,71.98958946904669,59.99107142857143,76.39732142857143,43.285162530030064,89.75892857142857,38.3656674890959,110.61607142857143,42.55540335494987,119.77393912959721,71.02678571428572,121.31661315012354,178.625,120.30378589198997,197.01785714285714,122.22053444779375,216.33035714285714,121.72193055094395,234.7232142857143,120.06696428571428,238.29058762734059,110.94196428571426,242.08048791281567,52.06384554761588,240.24107142857147]]},{"id":34,"image_id":29,"category_id":1,"iscrowd":0,"area":0,"bbox":[5,21.79809480269212,102.41297618608608,206.26809120206698],"segmentation":[[5,228.0625,7.668808368863283,209.3125,12.092793945672739,197.125,25.849484094899655,140.875,42.68792469118795,61.1875,51.892857142857146,46.800386847494536,54.880914679407674,33.0625,61.17857142857142,24.90575474025248,76.96428571428571,21.79809480269212,89.96428571428571,24.328689480158133,99.20109901588768,33.0625,103.09156423079438,41.5,102.56440329927301,57.4375,107.41297618608608,76.1875,105.07189026407498,87.4375,100.10409954305757,140.875,96.80411896588355,155.875,94.0479108200635,190.5625,90.13433914067772,209.3125,90.2034755051867,220.5625,92.75,228.06618600475912,5,228.0625]]},{"id":35,"image_id":30,"category_id":1,"iscrowd":0,"area":0,"bbox":[58.62434590989995,25.09435197167547,74.04083266152861,238.8171522856386],"segmentation":[[85.12053571428572,261.2925314288741,64.81971395293472,263.9107142857143,62.76310451477073,259.55357142857144,58.62434590989995,232.32142857142858,60.27134651364013,188.75,69.33523322544126,70.01785714285714,70.58099101697348,63.482142857142854,75.83295848706413,52.58928571428572,78.67329994382044,34.07142857142857,93.15625,25.09435197167547,112.57589285714285,27.06757816278849,124.96428571428574,35.913760584035614,127.76971695244619,51.5,132.66517857142856,59.66535616361125,132.66517857142856,204.02798750099794,131.09520108413597,224.69642857142858,132.66517857142856,262.3335894224547,127.64285714285712,263.91150425731405,85.12053571428572,261.2925314288741]]},{"id":36,"image_id":31,"category_id":1,"iscrowd":0,"area":0,"bbox":[52,26.954697672749102,56.83329971994086,124.47839291720145],"segmentation":[[52,151.43303571428572,56.14824495256832,134.99107142857144,62.69827355272629,96.4375,63.509555409483546,85.09821428571428,68.78169668699914,56.18303571428571,71.88471199711346,43.70982142857143,77.76406410069137,30.66964285714286,80.97321428571428,27.004417928177684,97.83035714285714,26.954697672749102,104.25147569415456,29.535714285714285,106.68530306325269,34.07142857142857,106.4769876903412,43.14285714285713,108.83329971994087,52.78125,108.74028333670103,61.852678571428584,105.0829075022557,82.83035714285714,103.56676711505932,108.34375,99.56607475494575,137.82589285714283,99.14732142857143,151.43309058995055,52,151.43303571428572]]},{"id":37,"image_id":32,"category_id":1,"iscrowd":0,"area":0,"bbox":[62.0422950925428,16.508816089766356,82.94192475160999,214.5644918011988],"segmentation":[[62.0422950925428,230.04017857142858,72.26655793531442,159.97321428571428,74.77328227381601,152.29464285714286,78.31619217395541,129.25892857142856,78.87173296923388,112.94196428571429,87.81403029291596,54.392857142857146,100.06250000000001,23.314160519446858,118.31696428571429,16.508816089766356,135.79464285714286,22.257266563979805,140.01282864470687,27.517857142857142,141.12095892337112,39.995535714285715,144.9842198441528,51.513392857142854,142.83748708540477,128.29910714285717,136.97916899118235,183.00892857142858,135.79723339706467,214.68303571428572,116.54588824906784,220.78570550503431,114.4806737339035,229.84338666619976,112.58343161055183,231.07330789096517,62.0422950925428,230.04017857142858]]},{"id":38,"image_id":33,"category_id":1,"iscrowd":0,"area":0,"bbox":[21.53683327147014,36,107.96763101424413,266.84573615696826],"segmentation":[[21.53683327147014,302.80357142857144,22.56725895664561,274.08928571428567,30.020731979063598,253.75000000000003,39.73742952065465,167.60714285714286,52.128986900699076,93.42857142857142,57.15624999999999,74.46100853052207,65.08482142857143,60.23909839779101,68.13692873236346,45.57142857142857,76.5581271259747,36,113.15178571428571,38.59891810334063,121.57589285714286,44.20118780006132,123.99149869429363,50.357142857142854,123.48088638812322,74.28571428571428,128.1315143539841,83.85714285714286,129.50446428571428,93.8012352995765,128.53567040595044,128.125,122.96507146129069,201.10714285714286,112.16071428571429,302.84573615696826,21.53683327147014,302.80357142857144]]},{"id":39,"image_id":34,"category_id":1,"iscrowd":0,"area":0,"bbox":[201,24.703854413296337,46.79017857142853,128.7126245338991],"segmentation":[[245.27232142857144,151.33002055253903,243.68776730182353,153.41517857142858,224.76298285716751,153.41517857142858,221.5625,151.78123159799696,219.67410714285714,153.32109677487014,218.08324335807282,151.07589285714286,213.79910714285714,153.08367141946871,206.26461883962673,153.41517857142858,204.2356907172177,151.07589285714286,201.59560651007484,134.70089285714283,201,118.34311064858458,201,33.504115432691506,207.71428571428572,27.381891346615305,224.70982142857142,24.703854413296337,229.11607142857142,27.290131552870257,230.79464285714286,35.07205575492951,236.8688802621537,41.71428571428571,238.22353561253087,63.35267857142858,239.6944390841027,70.37053571428572,241.12260936837524,84.40625,242.71913981721295,108.38392857142857,245.48214285714286,130.04958641390687,247.79017857142853,134.30258984231008,247.79017857142853,150.97286868433574,247.16071428571428,153.41647894719543,245.27232142857144,151.33002055253903]]},{"id":40,"image_id":35,"category_id":1,"iscrowd":0,"area":0,"bbox":[102.69119015919819,0.17181726842833211,49.335681110959186,158.12120678450336],"segmentation":[[126.97321428571429,157.2059143779463,124.13392857142856,153.54436320342478,120.58195561786127,158.29017857142858,104.69305237472724,158.29017857142858,102.69119015919819,156.16071428571428,103.57514573697249,146.93303571428572,105.426792297448,61.04464285714286,106.56446773076786,43.29910714285714,107.76754053180592,34.78125,110.72582205865139,26.263392857142858,112.54017857142857,10.717515184070523,115.37946428571429,5.4720172353661685,121.29464285714286,0.9602109925084142,133.59821428571428,0.17181726842833211,141.11249584631213,2.8392857142857135,145.6466924597471,8.517857142857142,147.79464285714286,22.130201262139778,151.39941506465436,34.78125,152.02687127015736,43.29910714285714,150.98425192986602,68.85267857142857,151.2109910100309,112.15178571428572,149.80091042309164,126.34821428571428,150.414887508938,132.02678571428572,148.43941812313005,135.57589285714286,147.08482142857142,142.37130972183837,146.13839285714286,140.25273862754207,142.61668274393065,144.09375,144.51436287537697,149.0625,141.2351970299658,149.77232142857142,141.83739736626148,146.22321428571428,139.27678571428572,141.41932041932432,137.43033733466675,141.25446428571428,135.59060164337856,133.44642857142858,139.62901829056506,136.23310175581798,139.09185745514492,137.4758371995494,139.28674202653212,135.7288033148835,139.05582837472042,134.0914707144468,138.82982777933023,136.06281916537256,140.3021070203141,137.32847726551012,141.00794945954,137.90973033866513,140.74755746919914,137.92446633206907,140.62309337318715,137.03375739743151,141.05216696733373,138.29941549756904,140.45113639843373,137.1794799988704,141.6744874473937,135.42425945120226,141.6057046574923,134.73166776121755,141.9971114857405,134.48606787115204,142.24112662134297,133.06322584137257,141.24541385324704,135.78938462109963,141.26179070798548,129.20403290214333,142.55064917589908,130.45822967407784,142.3017209838751,117.52330213062808,133.37305978048886,111.28506492296435,121.85685552843232,95.00997887462381,129.8125,147.11069164261494,133.59821428571428,148.76769467198983,133.59821428571428,158.29302405293168,126.97321428571429,157.2059143779463]]},{"id":41,"image_id":36,"category_id":1,"iscrowd":0,"area":0,"bbox":[60.834251559776185,19.97951282241328,61.47319432584275,75.68240207055516],"segmentation":[[60.834251559776185,95.65625,69.02654022265142,53.71875,75.61824506412859,42.71875,77.98241677839772,27.59375,80.85714285714286,22.356959216027196,90.85714285714286,19.97951282241328,100.85714285714286,20.187372794405498,110.85714285714286,23.988263726074138,118.0561370153059,30.343750000000004,118.82204193714881,33.09375,117.23060411137479,45.46875,120.86511994134739,52.34374999999999,122.30744588561893,59.5625,120.57927872741513,70.5625,121.06060429047369,78.8125,119.21538935617315,82.9375,119.85942702817617,86.03125,118.85714285714286,95.66191489296843,60.834251559776185,95.65625]]},{"id":42,"image_id":36,"category_id":1,"iscrowd":0,"area":0,"bbox":[47.67751720928579,105.24930452564851,67.0144470764285,77.013135155964],"segmentation":[[79.60458052080777,181.65625,77.7899703061848,180.28125,86.87251150399612,181.71298193066744,82.67312908694598,181.8237597030354,66.78417292322595,182.0719019131396,67.71269072414626,182.25800857071778,75.33806006296922,182.2624396816125,63.55709749242277,181.65625,49.17993885172606,181.65625,47.67751720928579,180.28125,48.124130642521564,173.40625,51.17258305681908,165.84375,54.97099714350598,145.21875,60.21913784405171,110.15625,63.25,105.28194521558927,74.64732142857143,105.24930452564851,87.27678571428572,108.26535166537622,94.66964285714286,108.62900610061295,99.59821428571428,109.76241124533172,104.83482142857142,114.48578111730191,114.69196428571429,115.42952443996411,114.69196428571429,157.4760902011889,113.03355525637447,160,112.26671931358874,166.53125,113.79091648807545,172.03125,113.69726726569294,176.15625,112.22767857142857,179.83825947997582,107.29910714285714,179.92169313171854,102.98660714285714,181.6568930947627,79.60458052080777,181.65625]]},{"id":43,"image_id":37,"category_id":1,"iscrowd":0,"area":0,"bbox":[212.1210370902366,33.46582683348983,44.673605766906306,139.94132559072182],"segmentation":[[212.1210370902366,173.35267857142858,215.38572328695852,149.40178571428572,217.05670037543305,123.50892857142857,218.4601061211491,115.74107142857143,220.05592186848935,94.37946428571429,221.67136942030388,87.25892857142858,223.23797097772217,63.308035714285715,228.24671912314605,52.95089285714286,229.4548788964515,41.94642857142857,230.91964285714286,38.00840471031334,237.69642857142858,33.46582683348983,256.7946428571429,35.316714480002084,256.7946428571429,173.40715242421163,212.1210370902366,173.35267857142858]]},{"id":44,"image_id":38,"category_id":1,"iscrowd":0,"area":0,"bbox":[58.913986437394044,0,63.835383057313976,141.3779199051102],"segmentation":[[122.15502459318732,33.598214285714285,120.0511086007838,46.276785714285715,120.74315733132158,51.34821428571428,120.33558973116979,74.55880706512535,118.80444417534514,81.35035620522777,118.27016226689273,85.58669193034441,118.80675708403973,86.35903698066592,117.9683909391101,95.08928571428571,117.75370533917861,107.76785714285714,114.49831434098502,115.375,115.4430047100947,122.98214285714286,114.60267857142857,141.3779199051102,61.636279970937295,140.32375685896693,58.913986437394044,133.62701654240698,61.48594090578834,123.65821560846706,61.83418653917114,117.91071428571428,63.756607468403885,84.94642857142857,70.92174004724384,8.875,74.42410714285714,1.9880290546677977,78.29100669371648,0,116.62889807494736,0,122.74936949470802,10.142857142857142,122.15502459318732,33.598214285714285]]},{"id":45,"image_id":39,"category_id":1,"iscrowd":0,"area":0,"bbox":[61,16.4943809635379,77.9533228672485,217.75940502651807],"segmentation":[[61,232.02232142857144,61,219.52556122583266,68.97073777444217,156.74107142857144,79,55.70316526401445,90.25,22.504471741344467,100.37499999999999,16.642685481295462,117.25,16.4943809635379,127.91434351315948,21.82142857142857,132.83113204618144,29.642857142857142,132.71556109827475,42.35267857142857,138.95332286724852,61.90625,136.06617045054878,93.19196428571428,132.35698952854747,184.11607142857144,132.23674013078227,219.24499593976606,126.39854686364737,223.14840511162083,121.94221361104381,234.25378599005595,61,232.02232142857144]]},{"id":46,"image_id":40,"category_id":1,"iscrowd":0,"area":0,"bbox":[39,31.022391201923746,64.90648499760988,197.72277081578682],"segmentation":[[39,220.14732142857144,40.846274397069884,171.54464285714286,48.67053092998454,68.37053571428572,50.584245290212564,60.69642857142857,55.854276360338865,51.31696428571429,56.973214285714285,39.414825488499616,62.86607142857144,32.800334396961006,72.58928571428572,31.022391201923746,93.80357142857143,35.64207546087295,97.61147977739188,43.64285714285714,99.99107142857143,60.236125058136025,103.9064849976099,68.37053571428572,101.46428571428571,220.1673271572244,67.17358924679098,228.74516201771056,39,220.14732142857144]]},{"id":47,"image_id":41,"category_id":1,"iscrowd":0,"area":0,"bbox":[193,35.15600244960258,53.758928571428555,154.15508477596597],"segmentation":[[193.58921794527743,188.61607142857144,193,163.7123624243094,195.75833631908912,136.02678571428572,199.49684385322772,77.20982142857142,201.37918578421758,60.60267857142857,205.85528633567566,52.29910714285714,206.36332585009598,39.151785714285715,209.39285714285714,36.31814651888224,216.38392857142858,35.15600244960258,239.04464285714286,37.472192121287335,241.28990143755905,40.535714285714285,240.97321428571428,55.52279622299934,243.86607142857144,62.72304157435364,246.75892857142856,64.84574640423368,246.75892857142856,113.21859751953535,244.91833268499937,138.79464285714283,244.40373782146906,158.16964285714283,245.1280954863646,181.00446428571428,244.10714285714286,189.31108722556857,193.58921794527743,188.61607142857144]]},{"id":48,"image_id":42,"category_id":1,"iscrowd":0,"area":0,"bbox":[108.02850590472954,0,86.1678586208741,217.0370822641903],"segmentation":[[189.16576254020563,106.08035714285714,191.89098865459027,122.625,187.71428571428572,112.73357625567574,177.42857142857144,114.85059997666293,172.28571428571428,123.67672008135553,167.14285714285714,123.12841718055184,165.42329539303216,117.75892857142858,165.61116493097606,134.14838136756276,157.6075717036333,118.73214285714285,160.83170259142653,135.37960063955535,156.85714285714286,139.27948598078333,167.14285714285714,146.543280611716,170.79146197349812,157.66071428571428,174.85714285714286,183.53955201671877,172.28571428571428,217.0370822641903,148.28571428571428,216.8594455655377,137.57142857142858,210.38091090330138,108.02850590472954,166.41964285714283,110.72318137248236,157.66071428571428,133.22291139382293,20.4375,137.14285714285714,12.037628682103682,150.82213047068538,0,189.66454988600015,0,189.06691888291294,11.678571428571427,194.19636452560363,30.169642857142854,189.16576254020563,106.08035714285714]]},{"id":49,"image_id":43,"category_id":1,"iscrowd":0,"area":0,"bbox":[31,21.66173702362583,50.653094675721725,130.74034214102483],"segmentation":[[31,152.40178571428572,32.265243730106484,138.04464285714283,34.967221004175194,125.48214285714285,42.10345705539104,47.714285714285715,43.467871438656985,41.13392857142857,45.76121777508921,36.94642857142857,48.27232142857143,24.570395975807216,64.125,21.66173702362583,74.29910714285714,24.936036709220094,77.49577503588975,30.964285714285715,78.00624642743489,38.74107142857143,80.85232912600765,51.901785714285715,80.45520277367257,60.276785714285715,81.65309467572172,72.24107142857142,79.61030604905895,82.41071428571428,78.09300072656816,91.32140066563724,77.92378435348925,96.76785714285715,75.54195661505011,125.48214285714285,75.00892857142858,152.40207916465067,31,152.40178571428572]]},{"id":50,"image_id":44,"category_id":1,"iscrowd":0,"area":0,"bbox":[60,19.256714746707353,57.82250639046133,140.11894168544256],"segmentation":[[60,159.36607142857144,64.73942843303462,144.91713475076486,64.65664368723657,136.54464285714286,66.58482142857143,131.87815942546774,80.09975876786712,42.089285714285715,83.78612040697962,35.75,88.47220470621471,23.07142857142857,90.81696428571428,20.50781599144226,99.50892857142857,19.256714746707353,111.09821428571428,21.913278082706377,113.11572825682109,25.60714285714286,115.91683486805843,38.91964285714286,117.82250639046133,59.20535714285714,116.52460682415878,65.54464285714286,114.69600123097682,92.80357142857143,114.48901608405652,113.08928571428571,112.9510568153886,128.30357142857144,112.20766831771415,151.75892857142856,111.36160714285714,156.73483859761637,109.25446428571428,159.37565643214992,60,159.36607142857144]]},{"id":51,"image_id":45,"category_id":1,"iscrowd":0,"area":0,"bbox":[13.859059640414507,3.9820230807687502,85.02212940490786,252.87065549065983],"segmentation":[[19.681788539607425,256.85267857142856,16.026275942994403,252.26339285714286,17.234558859821487,238.49553571428572,15.542061171570952,224.72767857142858,14.910842509508866,191.45535714285714,13.859059640414507,52.629464285714285,15.142857142857142,44.23685014973517,20.28593631734244,33.125,23.392857142857146,15.699942292923684,43.82142857142857,3.9820230807687502,63.07142857142858,7.736294062152199,72.10714285714286,17.285462903067902,73.81986782140925,34.27232142857143,80.70932705494565,48.04017857142857,89.80569059788509,162.77232142857142,93.88043968707889,177.6875,94.78076668858935,196.04464285714286,97.14330907800156,209.8125,98.88118904532237,247.67410714285714,94.89285714285712,256.6129132296786,19.681788539607425,256.85267857142856]]},{"id":52,"image_id":46,"category_id":1,"iscrowd":0,"area":0,"bbox":[125.94917427382573,0,55.67324101731491,162.27634901185277],"segmentation":[[125.94917427382573,162.27232142857144,126.76239650329978,156.45089285714286,126.84030458609365,133.16517857142856,135.06449647309591,29.834821428571423,140.11735727764923,18.19196428571429,141.97392702066446,5.821428571428571,152.70760400910746,0,171.09375,2.0350038474819825,176.3616071428571,7.955194968088976,177.25601638815093,18.19196428571429,181.62241529114064,29.107142857142854,179.63244463485765,127.34375,180.09980099583368,136.07589285714286,179.0096414661288,149.9017857142857,179.90975297090858,159.36160714285714,178.99553571428572,162.27634901185277,125.94917427382573,162.27232142857144]]}],"categories":[{"supercategory":"N/A","id":1,"name":"Pisa"}]}
